{
  "FP32": {
    "latency_ms": 0.23389899972244166,
    "latency_p95_ms": 0.3473649965599179,
    "size_mb": 0.04587268829345703
  },
  "INT8": {
    "latency_ms": 8.111335001303814,
    "latency_p95_ms": 9.404409996204775,
    "size_mb": 0.05755901336669922
  }
}